Depth,Iteration,Energy
1,25,1.2866801222471094
1,50,1.2768476601068828
1,75,1.2768179949593887
1,100,1.276817338626904
1,125,1.2768166042107607
