Depth,Theta_Index,Theta_Value
1,0,-1.5676718582801636
1,1,-5.370264513505343e-05
1,2,3.1414987393154483
1,3,-1.8808120443009901
1,4,0.0008653529162786281
1,5,-0.7979616019089772
1,6,1.5732047460872018
1,7,-0.3248837945895388
